<?xml version="1.0" encoding="UTF-8"?>
<!--
  ~  Copyright 1999-2018 Alibaba Group Holding Ltd.
  ~
  ~  Licensed under the Apache License, Version 2.0 (the "License");
  ~  you may not use this file except in compliance with the License.
  ~  You may obtain a copy of the License at
  ~
  ~       http://www.apache.org/licenses/LICENSE-2.0
  ~
  ~  Unless required by applicable law or agreed to in writing, software
  ~  distributed under the License is distributed on an "AS IS" BASIS,
  ~  WITHOUT WARRANTIES OR CONDITIONS OF ANY KIND, either express or implied.
  ~  See the License for the specific language governing permissions and
  ~  limitations under the License.
  -->

<beans xmlns="http://www.springframework.org/schema/beans"
       xmlns:xsi="http://www.w3.org/2001/XMLSchema-instance"
       xmlns:dubbo="http://dubbo.apache.org/schema/dubbo"
       xsi:schemaLocation="http://www.springframework.org/schema/beans http://www.springframework.org/schema/beans/spring-beans.xsd
                        http://dubbo.apache.org/schema/dubbo http://dubbo.apache.org/schema/dubbo/dubbo.xsd">

    <dubbo:application name="dubbo-demo-app">
        <dubbo:parameter key="qos.enable" value="false"/>
        <dubbo:parameter key="qos.accept.foreign.ip" value="false"/>
        <dubbo:parameter key="qos.port" value="33333"/>
    </dubbo:application>
    <dubbo:registry address="multicast://224.5.6.7:1234?unicast=false"/>
    <!--support etcd -->
    <!--<dubbo:registry address="etcd3://127.0.0.1:2379/org.apache.dubbo.registry.RegistryService" />-->
    <!--support zk-->
    <!--<dubbo:registry address="zookeeper://localhost:2181" />-->
    <!--support nacos-->
    <!-- <dubbo:registry address="nacos://127.0.0.1:8848"/> -->

    <dubbo:reference id="orderService" check="false" interface="io.seata.samples.dubbo.service.OrderService"/>
    <dubbo:reference id="stockService" check="false" interface="io.seata.samples.dubbo.service.StockService"/>

    <bean id="business" class="io.seata.samples.dubbo.service.impl.BusinessServiceImpl">
        <property name="orderService" ref="orderService"/>
        <property name="stockService" ref="stockService"/>
    </bean>

    <bean class="io.seata.spring.annotation.GlobalTransactionScanner">
        <constructor-arg value="dubbo-demo-app"/>
        <constructor-arg value="my_test_tx_group"/>
    </bean>

</beans>