<?xml version="1.0" encoding="UTF-8"?>
<!--
  ~  Copyright 1999-2019 Seata.io Group.
  ~
  ~  Licensed under the Apache License, Version 2.0 (the "License");
  ~  you may not use this file except in compliance with the License.
  ~  You may obtain a copy of the License at
  ~
  ~       http://www.apache.org/licenses/LICENSE-2.0
  ~
  ~  Unless required by applicable law or agreed to in writing, software
  ~  distributed under the License is distributed on an "AS IS" BASIS,
  ~  WITHOUT WARRANTIES OR CONDITIONS OF ANY KIND, either express or implied.
  ~  See the License for the specific language governing permissions and
  ~  limitations under the License.
  -->
<beans xmlns="http://www.springframework.org/schema/beans"
       xmlns:xsi="http://www.w3.org/2001/XMLSchema-instance"
       xmlns:sofa="http://sofastack.io/schema/sofaboot"
       xsi:schemaLocation="http://www.springframework.org/schema/beans http://www.springframework.org/schema/beans/spring-beans.xsd
            http://sofastack.io/schema/sofaboot http://sofastack.io/schema/sofaboot.xsd">

    <sofa:service ref="inventoryActionImpl" interface="io.seata.samples.saga.action.InventoryAction">
        <sofa:binding.bolt/>
    </sofa:service>

    <sofa:service ref="balanceActionImpl" interface="io.seata.samples.saga.action.BalanceAction">
        <sofa:binding.bolt/>
    </sofa:service>

    <bean id="inventoryActionImpl" class="io.seata.samples.saga.action.impl.InventoryActionImpl"/>

    <bean id="balanceActionImpl" class="io.seata.samples.saga.action.impl.BalanceActionImpl"/>

</beans>